{
    "wavelength_m": 0.02002,
    "pulse_width_sec": 1.0859375e-6,
    "pulse_rep_freq_hz": 1000.0,
    "bandwidth_hz": 50000000.0,
    "sampling_freq_hz": 64000000.0,
    "closest_slant_range_m": 4000.0
}